<project name="Room Manager Development Site">

    <skin>
        <groupId>org.apache.maven.skins</groupId>
        <artifactId>maven-fluido-skin</artifactId>
        <version>1.3.0</version>
    </skin>
    <custom>
        <fluidoSkin>
            <topBarEnabled>false</topBarEnabled>
            <sideBarEnabled>true</sideBarEnabled>
        </fluidoSkin>
    </custom>

    <version position="right"/>
    <publishDate position="right"/>

    <body>
        <breadcrumbs>
            <item href="index.html" name="Home" />
        </breadcrumbs>
        <menu ref="reports" />
    </body>
</project>