<?xml version="1.0" encoding="UTF-8"?>
<project-private xmlns="http://www.netbeans.org/ns/project-private/1">
    <editor-bookmarks xmlns="http://www.netbeans.org/ns/editor-bookmarks/2" lastBookmarkId="0"/>
    <open-files xmlns="http://www.netbeans.org/ns/projectui-open-files/2">
        <group>
            <file>file://iut.bx1/Etudiants/Home/trecobre/Documents/projet_gomoku/gomoku/gomoku/Gomoku/src/gomoku/Gomoku.java</file>
            <file>file://iut.bx1/Etudiants/Home/trecobre/Documents/projet_gomoku/gomoku/gomoku/Gomoku/src/gomoku/Plateau.java</file>
            <file>file://iut.bx1/Etudiants/Home/trecobre/Documents/projet_gomoku/gomoku/gomoku/Gomoku/src/gomoku/Pion.java</file>
            <file>file://iut.bx1/Etudiants/Home/trecobre/Documents/projet_gomoku/gomoku/gomoku/Gomoku/src/gomoku/Joueur.java</file>
        </group>
    </open-files>
</project-private>
