<?xml version="1.0" encoding="UTF-8"?>
<!-- Elements of the game Jambo. -->
<game_elements>
  <!--Name of the game.-->
  <game_name>Jambo</game_name>
  <!--Number of actions (markers).-->
  <n_actions>5</n_actions>
  <!--Minimum number of actions left in order to take a bonus.-->
  <n_min_actions_left_event>2</n_min_actions_left_event>
  <!--Number of gold taken as a bonus.-->
  <n_min_actions_left_money>1</n_min_actions_left_money>
  <!--Number of cards for each player starting hand.-->
  <starting_hand>5</starting_hand>
  <!--Number of gold for each player starting capital.-->
  <starting_capital>20</starting_capital>
  <!--Number of gold to pay when a player fills his large market stand (that is the sixth space).-->
  <fill_large_market_stand_price>2</fill_large_market_stand_price>
  <!--Number of rooms (that is spaces) for wares in the large market stand.-->
  <n_rooms_large_market_stand>6</n_rooms_large_market_stand>
  <!--Number of rooms (that is spaces) for wares in the small market stand.-->
  <n_rooms_small_market_stand>3</n_rooms_small_market_stand>
  <!--Number of gold for the (first) player who builds the first small market stand.-->
  <build_first_small_market_stand_price>6</build_first_small_market_stand_price>
  <!--Number of gold for players to build further small market stands.-->
  <build_other_small_market_stand_price>3</build_other_small_market_stand_price>
  <!--Maximum number of utility cards a the player can have in his play area.-->
  <n_max_utility_cards_area>3</n_max_utility_cards_area>
  <!--Minimum number of gold owned by a player to trigger the end of the game.-->
  <n_money_triggering_end_game>60</n_money_triggering_end_game>
  <!--Money: gold (52 pieces: 23 with value 1 and 29 with value 5).-->
  <money>
    <name>
      <english>gold</english>
      <french>pépites d'or</french>
      <german>goldchips</german>
    </name>
    <nbr>168</nbr>
  </money>
  <!--Wares: 6 trinkets, 6 hides, 6 tea, 6 fruit, 6 salt, 6 silk.-->
  <wares>
    <ware>
      <name>
        <english>trinkets</english>
        <french>bijoux</french><german>schmuck</german>
      </name>
      <nbr>6</nbr>
    </ware>
    <ware>
      <name>
        <english>hides</english>
        <french>peaux de bête</french><german>fell</german>
      </name>
      <nbr>6</nbr>
    </ware>
    <ware>
      <name>
        <english>tea</english>
        <french>feuilles de thé</french><german>tee</german>
      </name>
      <nbr>6</nbr>
    </ware>
    <ware>
      <name>
        <english>fruit</english>
        <french>fruits</french><german>früchte</german>
      </name>
      <nbr>6</nbr>
    </ware>
    <ware>
      <name>
        <english>salt</english>
        <french>coupes de sel</french><german>salz</german>
      </name>
      <nbr>6</nbr>
    </ware>
    <ware>
      <name>
        <english>silk</english>
        <french>étoffes de soie</french><german>seide</german>
      </name>
      <nbr>6</nbr>
    </ware>
  </wares>
  <!--Cards: 2 large market stands, 5 small market stands, 40 ware cards, 22 utility cards, 29 people cards, 14 animal cards.-->
  <cards>
    <card>
      <kind>LARGE MARKET STAND</kind>
      <n_copies>1</n_copies>
      <color>red</color>
    </card>
    <card>
      <kind>LARGE MARKET STAND</kind>
      <n_copies>1</n_copies>
      <color>green</color>
    </card>
    <card>
      <kind>SMALL MARKET STAND</kind>
      <n_copies>5</n_copies>
    </card>
    <card>
      <kind>WARE</kind>
      <n_copies>4</n_copies>
      <wares>
        <ware>
          <name>
            <english>trinkets</english>
            <french>bijoux</french><german>schmuck</german>
          </name>
          <nbr>1</nbr>
        </ware>
        <ware>
          <name>
            <english>hides</english>
            <french>peaux de bête</french><german>fell</german>
          </name>
          <nbr>1</nbr>
        </ware>
        <ware>
          <name>
            <english>tea</english>
            <french>feuilles de thé</french><german>tee</german>
          </name>
          <nbr>1</nbr>
        </ware>
        <ware>
          <name>
            <english>silk</english>
            <french>étoffes de soie</french><german>seide</german>
          </name>
          <nbr>1</nbr>
        </ware>
        <ware>
          <name>
            <english>fruit</english>
            <french>fruits</french><german>früchte</german>
          </name>
          <nbr>1</nbr>
        </ware>
        <ware>
          <name>
            <english>salt</english>
            <french>coupes de sel</french><german>salz</german>
          </name>
          <nbr>1</nbr>
        </ware>
      </wares>
      <buy_price>10</buy_price>
      <sell_price>18</sell_price>
    </card>
    <card>
      <kind>WARE</kind>
      <n_copies>2</n_copies>
      <wares>
        <ware>
          <name>
            <english>trinkets</english>
            <french>bijoux</french><german>schmuck</german>
          </name>
          <nbr>3</nbr>
        </ware>
      </wares>
      <buy_price>3</buy_price>
      <sell_price>10</sell_price>
    </card>
    <card>
      <kind>WARE</kind>
      <n_copies>2</n_copies>
      <wares>
        <ware>
          <name>
            <english>hides</english>
            <french>peaux de bête</french><german>fell</german>
          </name>
          <nbr>3</nbr>
        </ware>
      </wares>
      <buy_price>3</buy_price>
      <sell_price>10</sell_price>
    </card>
    <card>
      <kind>WARE</kind>
      <n_copies>2</n_copies>
      <wares>
        <ware>
          <name>
            <english>tea</english>
            <french>feuilles de thé</french><german>tee</german>
          </name>
          <nbr>3</nbr>
        </ware>
      </wares>
      <buy_price>3</buy_price>
      <sell_price>10</sell_price>
    </card>
    <card>
      <kind>WARE</kind>
      <n_copies>2</n_copies>
      <wares>
        <ware>
          <name>
            <english>silk</english>
            <french>étoffes de soie</french><german>seide</german>
          </name>
          <nbr>3</nbr>
        </ware>
      </wares>
      <buy_price>3</buy_price>
      <sell_price>10</sell_price>
    </card>
    <card>
      <kind>WARE</kind>
      <n_copies>2</n_copies>
      <wares>
        <ware>
          <name>
            <english>fruit</english>
            <french>fruits</french><german>früchte</german>
          </name>
          <nbr>3</nbr>
        </ware>
      </wares>
      <buy_price>3</buy_price>
      <sell_price>10</sell_price>
    </card>
    <card>
      <kind>WARE</kind>
      <n_copies>2</n_copies>
      <wares>
        <ware>
          <name>
            <english>salt</english>
            <french>coupes de sel</french><german>salz</german>
          </name>
          <nbr>3</nbr>
        </ware>
      </wares>
      <buy_price>3</buy_price>
      <sell_price>10</sell_price>
    </card>
    <card>
      <kind>WARE</kind>
      <n_copies>2</n_copies>
      <wares>
        <ware>
          <name>
            <english>trinkets</english>
            <french>bijoux</french><german>schmuck</german>
          </name>
          <nbr>2</nbr>
        </ware>
        <ware>
          <name>
            <english>fruit</english>
            <french>fruits</french><german>früchte</german>
          </name>
          <nbr>1</nbr>
        </ware>
      </wares>
      <buy_price>4</buy_price>
      <sell_price>11</sell_price>
    </card>
    <card>
      <kind>WARE</kind>
      <n_copies>2</n_copies>
      <wares>
        <ware>
          <name>
            <english>silk</english>
            <french>étoffes de soie</french><german>seide</german>
          </name>
          <nbr>2</nbr>
        </ware>
        <ware>
          <name>
            <english>salt</english>
            <french>coupes de sel</french><german>salz</german>
          </name>
          <nbr>1</nbr>
        </ware>
      </wares>
      <buy_price>4</buy_price>
      <sell_price>11</sell_price>
    </card>
    <card>
      <kind>WARE</kind>
      <n_copies>2</n_copies>
      <wares>
        <ware>
          <name>
            <english>tea</english>
            <french>feuilles de thé</french><german>tee</german>
          </name>
          <nbr>2</nbr>
        </ware>
        <ware>
          <name>
            <english>silk</english>
            <french>étoffes de soie</french><german>seide</german>
          </name>
          <nbr>1</nbr>
        </ware>
      </wares>
      <buy_price>4</buy_price>
      <sell_price>11</sell_price>
    </card>
    <card>
      <kind>WARE</kind>
      <n_copies>2</n_copies>
      <wares>
        <ware>
          <name>
            <english>salt</english>
            <french>coupes de sel</french><german>salz</german>
          </name>
          <nbr>2</nbr>
        </ware>
        <ware>
          <name>
            <english>trinkets</english>
            <french>bijoux</french><german>schmuck</german>
          </name>
          <nbr>1</nbr>
        </ware>
      </wares>
      <buy_price>4</buy_price>
      <sell_price>11</sell_price>
    </card>
    <card>
      <kind>WARE</kind>
      <n_copies>2</n_copies>
      <wares>
        <ware>
          <name>
            <english>fruit</english>
            <french>fruits</french><german>früchte</german>
          </name>
          <nbr>2</nbr>
        </ware>
        <ware>
          <name>
            <english>hides</english>
            <french>peaux de bête</french><german>fell</german>
          </name>
          <nbr>1</nbr>
        </ware>
      </wares>
      <buy_price>4</buy_price>
      <sell_price>11</sell_price>
    </card>
    <card>
      <kind>WARE</kind>
      <n_copies>2</n_copies>
      <wares>
        <ware>
          <name>
            <english>hides</english>
            <french>peaux de bête</french><german>fell</german>
          </name>
          <nbr>2</nbr>
        </ware>
        <ware>
          <name>
            <english>tea</english>
            <french>feuilles de thé</french><german>tee</german>
          </name>
          <nbr>1</nbr>
        </ware>
      </wares>
      <buy_price>4</buy_price>
      <sell_price>11</sell_price>
    </card>
    <card>
      <kind>WARE</kind>
      <n_copies>2</n_copies>
      <wares>
        <ware>
          <name>
            <english>salt</english>
            <french>coupes de sel</french><german>salz</german>
          </name>
          <nbr>1</nbr>
        </ware>
        <ware>
          <name>
            <english>silk</english>
            <french>étoffes de soie</french><german>seide</german>
          </name>
          <nbr>1</nbr>
        </ware>
        <ware>
          <name>
            <english>trinkets</english>
            <french>bijoux</french><german>schmuck</german>
          </name>
          <nbr>1</nbr>
        </ware>
      </wares>
      <buy_price>5</buy_price>
      <sell_price>12</sell_price>
    </card>
    <card>
      <kind>WARE</kind>
      <n_copies>2</n_copies>
      <wares>
        <ware>
          <name>
            <english>trinkets</english>
            <french>bijoux</french><german>schmuck</german>
          </name>
          <nbr>1</nbr>
        </ware>
        <ware>
          <name>
            <english>hides</english>
            <french>peaux de bête</french><german>fell</german>
          </name>
          <nbr>1</nbr>
        </ware>
        <ware>
          <name>
            <english>silk</english>
            <french>étoffes de soie</french><german>seide</german>
          </name>
          <nbr>1</nbr>
        </ware>
      </wares>
      <buy_price>5</buy_price>
      <sell_price>12</sell_price>
    </card>
    <card>
      <kind>WARE</kind>
      <n_copies>2</n_copies>
      <wares>
        <ware>
          <name>
            <english>salt</english>
            <french>coupes de sel</french><german>salz</german>
          </name>
          <nbr>1</nbr>
        </ware>
        <ware>
          <name>
            <english>trinkets</english>
            <french>bijoux</french><german>schmuck</german>
          </name>
          <nbr>1</nbr>
        </ware>
        <ware>
          <name>
            <english>fruit</english>
            <french>fruits</french><german>früchte</german>
          </name>
          <nbr>1</nbr>
        </ware>
      </wares>
      <buy_price>5</buy_price>
      <sell_price>12</sell_price>
    </card>
    <card>
      <kind>WARE</kind>
      <n_copies>2</n_copies>
      <wares>
        <ware>
          <name>
            <english>fruit</english>
            <french>fruits</french><german>früchte</german>
          </name>
          <nbr>1</nbr>
        </ware>
        <ware>
          <name>
            <english>hides</english>
            <french>peaux de bête</french><german>fell</german>
          </name>
          <nbr>1</nbr>
        </ware>
        <ware>
          <name>
            <english>tea</english>
            <french>feuilles de thé</french><german>tee</german>
          </name>
          <nbr>1</nbr>
        </ware>
      </wares>
      <buy_price>5</buy_price>
      <sell_price>12</sell_price>
    </card>
    <card>
      <kind>WARE</kind>
      <n_copies>2</n_copies>
      <wares>
        <ware>
          <name>
            <english>tea</english>
            <french>feuilles de thé</french><german>tee</german>
          </name>
          <nbr>1</nbr>
        </ware>
        <ware>
          <name>
            <english>salt</english>
            <french>coupes de sel</french><german>salz</german>
          </name>
          <nbr>1</nbr>
        </ware>
        <ware>
          <name>
            <english>fruit</english>
            <french>fruits</french><german>früchte</german>
          </name>
          <nbr>1</nbr>
        </ware>
      </wares>
      <buy_price>5</buy_price>
      <sell_price>12</sell_price>
    </card>
    <card>
      <kind>WARE</kind>
      <n_copies>2</n_copies>
      <wares>
        <ware>
          <name>
            <english>silk</english>
            <french>étoffes de soie</french><german>seide</german>
          </name>
          <nbr>1</nbr>
        </ware>
        <ware>
          <name>
            <english>hides</english>
            <french>peaux de bête</french><german>fell</german>
          </name>
          <nbr>1</nbr>
        </ware>
        <ware>
          <name>
            <english>tea</english>
            <french>feuilles de thé</french><german>tee</german>
          </name>
          <nbr>1</nbr>
        </ware>
      </wares>
      <buy_price>5</buy_price>
      <sell_price>12</sell_price>
    </card>
    <card>
      <kind>UTILITY</kind>
      <n_copies>3</n_copies>
      <name>
        <english>Well</english>
        <french>Puits</french>
        <german>Brunnen</german>
      </name>
      <text>
        <english>pay 1 gold to draw 1 card</english>
        <french>Payez une pépite d’or à la banque et piochez 1 carte</french>
      </text>
    </card>
    <card>
      <kind>UTILITY</kind>
      <n_copies>3</n_copies>
      <name>
        <english>Drums</english>
        <french>Tambours</french>
        <german>Trommeln</german>
      </name>
      <text>
        <english>return 1 ware to draw 1 card</english>
        <french>Mettez une de vos marchandises dans le stock commun et piochez une carte</french>
      </text>
    </card>
    <card>
      <kind>UTILITY</kind>
      <n_copies>2</n_copies>
      <name>
        <english>Throne</english>
        <french>Trône</french>
        <german>Häuptlingsstuhl</german>
      </name>
      <text>
        <english>swap 1 ware with opponent</english>
        <french>Prenez 1 marchandise à votre adversaire et donnez-lui 1 de vos marchandises (de votre choix)</french>
      </text>
    </card>
    <card>
      <kind>UTILITY</kind>
      <n_copies>2</n_copies>
      <name>
        <english>Boat</english>
        <french>Bateau</french>
        <german>Boot</german>
      </name>
      <text>
        <english>discard 1 card, take 1 ware of your choice</english>
        <french>Défaussez-vous d’1 de vos cartes en main ou d’1 de vos objets face visible (qui peut très bien être le "bateau" lui-même) et choisissez 1 marchandise dans le stock commun</french>
      </text>
    </card>
    <card>
      <kind>UTILITY</kind>
      <n_copies>2</n_copies>
      <name>
        <english>Scale</english>
        <french>Balance</french>
        <german>Waage</german>
      </name>
      <text>
        <english>draw 2 cards, take 1, give 1 to opponent</english>
        <french>Tirez 2 cartes de la pioche, gardez en 1 et donnez l'autre à votre adversaire</french>
      </text>
    </card>
    <card>
      <kind>UTILITY</kind>
      <n_copies>2</n_copies>
      <name>
        <english>Mask of transformation</english>
        <french>Masque du changement</french>
        <german>Maske der Wandlung</german>
      </name>
      <text>
        <english>before normal draw, trade 1 card for top discard</english>
        <french>Avant de piocher (phase 1), échangez 1 de vos cartes en main contre la carte en haut de la défausse</french>
      </text>
    </card>
    <card>
      <kind>UTILITY</kind>
      <n_copies>2</n_copies>
      <name>
        <english>Supplies</english>
        <french>Stocks</french>
        <german>Vorräte</german>
      </name>
      <text>
        <english>pay 1 gold or 1 card to draw until you find a ware card</english>
        <french>Piochez puis défaussez autant de cartes que nécessaire jusqu’à ce qu’une Carte Marchandises apparaisse. Prenez celle-ci dans votre main contre 1 pépite d’or payée immédiatement à la banque ou contre une autre carte de votre main immédiatement défaussée</french>
      </text>
    </card>
    <card>
      <kind>UTILITY</kind>
      <n_copies>2</n_copies>
      <name>
        <english>Kettle</english>
        <french>Chaudron</french>
        <german>Sudkessel</german>
      </name>
      <text>
        <english>discard 1 or 2 cards, draw same number from deck</english>
        <french>Défaussez-vous d’1 ou 2 de vos cartes et piochez autant de nouvelles cartes</french>
      </text>
    </card>
    <card>
      <kind>UTILITY</kind>
      <n_copies>2</n_copies>
      <name>
        <english>Leopard statue</english>
        <french>Statue de Léopard</french>
        <german>Leopardenstatue</german>
      </name>
      <text>
        <english>pay 2 gold, take 1 ware of your choice</english>
        <french>Payez 2 pépites d’or à la banque et choisissez une marchandise dans le stock commun</french>
      </text>
    </card>
    <card>
      <kind>UTILITY</kind>
      <n_copies>2</n_copies>
      <name>
        <english>Weapons</english>
        <french>Armes</french>
        <german>Waffen</german>
      </name>
      <text>
        <english>discard 1 card, take 2 gold</english>
        <french>Défaussez-vous d’1 de vos cartes en main ou d’1 de vos objets face visible (qui peut très bien être la carte "Armes" elle-même) et prenez 2 pépites d’or de la banque</french>
      </text>
    </card>
    <card>
      <kind>PEOPLE</kind>
      <n_copies>6</n_copies>
      <name>
        <english>Guard</english>
        <french>Garde</french>
        <german>Wächter</german>
      </name>
      <text>
        <english>during opponent's turn: negate animal card</english>
        <french>Jouez cette carte pendant le tour de votre adversaire, après qu'il a joué un Animal. La carte Animal devient inefficace pour les deux joueurs.  Jouer le "Garde" ne coûte pas d'action ; la carte est défaussée après utilisation.</french>
      </text>
    </card>
    <card>
      <kind>PEOPLE</kind>
      <n_copies>3</n_copies>
      <name>
        <english>Rain maker</english>
        <french>Faiseur de pluie</french>
        <german>Regenmacher</german>
      </name>
      <text>
        <english>during opponent's turn: take ware card from discards after he buys/sells</english>
        <french>Jouez cette carte pendant le tour de votre adversaire, après qu'il a utilisé une Carte Marchandises (pour acheter ou pour vendre).  Prenez la Carte Marchandises dans votre main.  Jouer le "Faiseur de pluie" ne coûte pas d'action ;la carte est défaussée après utilisation.</french>
      </text>
    </card>
    <card>
      <kind>PEOPLE</kind>
      <n_copies>2</n_copies>
      <name>
        <english>Shaman</english>
        <french>Chaman</french>
        <german>Schamane</german>
      </name>
      <text>
        <english>trade all wares of 1 type for same number of 1 different type</english>
        <french>Échangez toutes les marchandises d'un type que vous avez dans vos Marchés, contre autant de marchandises d'un autre type dans le stock.</french>
      </text>
    </card>
    <card>
      <kind>PEOPLE</kind>
      <n_copies>2</n_copies>
      <name>
        <english>Psychic</english>
        <french>Diseuse de vérité</french>
        <german>Wahrsagerin</german>
      </name>
      <text>
        <english>look at top 6 cards, take one, replace in original order</english>
        <french>Prenez une carte parmi les 6 premières cartes de la pioche : remettez les 5 cartes restantes sur la pioche sans changer leur ordre.</french>
      </text>
    </card>
    <card>
      <kind>PEOPLE</kind>
      <n_copies>2</n_copies>
      <name>
        <english>Tribal elder</english>
        <french>Vieillard décharné</french>
        <german>Stammesaeltester</german>
      </name>
      <text>
        <english>opponent discards down to 3 *or* you draw up to 5</english>
        <french>Vous décidez:  Soit votre adversaire doit se défausser de 3 cartes de sa main, soit vous piochez autant de cartes qu’il vous faut pour que votre main en contienne 5.</french>
      </text>
    </card>
    <card>
      <kind>PEOPLE</kind>
      <n_copies>2</n_copies>
      <name>
        <english>Wise man from afar</english>
        <french>Sage des pays lointains</french>
        <german>Weiser Mannausfernen Landen</german>
      </name>
      <text>
        <english>wares cost 2 less, and sell for 2 more *this turn*</english>
        <french>S’applique sur les Cartes Marchandises:  pendant ce tour, chaque achat vous coûte 2 pépites de moins et chaque vente vous fournit 2 pépites de plus.</french>
      </text>
    </card>
    <card>
      <kind>PEOPLE</kind>
      <n_copies>2</n_copies>
      <name>
        <english>Portuguese</english>
        <french>Portugais</french>
        <german>Portugiese</german>
      </name>
      <text>
        <english>return wares to supply for 2 gold each</english>
        <french>Vendez des marchandises au stock pour 2 pépites d’or par marchandise.</french>
      </text>
    </card>
    <card>
      <kind>PEOPLE</kind>
      <n_copies>2</n_copies>
      <name>
        <english>Basket maker</english>
        <french>Tresseuse de paniers</french>
        <german>Korbmacherin</german>
      </name>
      <text>
        <english>pay 2 gold for 2 identical wares</english>
        <french>Payez 2 pépites d’or à la banque et prenez jusqu'à 2 marchandises identiques dans le stock.</french>
      </text>
    </card>
    <card>
      <kind>PEOPLE</kind>
      <n_copies>2</n_copies>
      <name>
        <english>Traveling merchant</english>
        <french>Commerçant ambulant</french>
        <german>Fahrender Händler</german>
      </name>
      <text>
        <english>auction 2 wares of your choice, winner gets both</english>
        <french>Posez 2 marchandises (au choix) du stock commun sur cette carte.  Vous devez payer au moins une pépite d’or pour prendre les 2 marchandises. Chacun votre tour, vous devez augmenter ou passer afin d’être le meilleur enchérisseur. Le plus offrant paye le montant annoncé à la banque et obtient les 2 marchandises.</french>
      </text>
    </card>
    <card>
      <kind>PEOPLE</kind>
      <n_copies>2</n_copies>
      <name>
        <english>Arabian merchant</english>
        <french>Commerçant arabe</french>
        <german>Arabischer Kaufmann</german>
      </name>
      <text>
        <english>auction 3 cards off top of deck, winner gets all</english>
        <french>Retournez 3 cartes de la pioche. Vous devez payer au moins une pépite d’or pour prendre les 3 cartes. Chacun votre tour, vous devez augmenter ou passer afin d’être le meilleur enchérisseur. Le plus offrant paye le montant annoncé à la banque et obtient les 3 cartes.</french>
      </text>
    </card>
    <card>
      <kind>PEOPLE</kind>
      <n_copies>2</n_copies>
      <name>
        <english>Dancer</english>
        <french>Danseuse</french>
        <german>Tänzerin</german>
      </name>
      <text>
        <english>sell any 3 wares for normal selling price on any ware card; no matching required</english>
        <french>Vous pouvez jouer une Carte Marchandises avec 3 marchandises pour vendre 3 de n’importe quelle marchandise se trouvant dans vos Marchés (et pas obligatoirement celles illustrées sur la Carte Marchandises), et mettez-les ensuite dans le stock commun.  La banque vous doit alors autant de pépites qu’indiquées sur le prix de vente sur la Carte Marchandises jouée. La Carte Marchandises ne coûte pas d’action supplémentaire.</french>
      </text>
    </card>
    <card>
      <kind>PEOPLE</kind>
      <n_copies>1</n_copies>
      <name>
        <english>Carrier</english>
        <french>Responsable</french>
        <german>Träger</german>
      </name>
      <text>
        <english>take 2 same wares *or* draw 2 cards; opponent does what you did not</english>
        <french>Prenez jusqu'à 2 marchandises du stock commun ou piochez 2 cartes.  Votre adversaire obtient ce que vous n’avez pas choisi. (Attention : on ne reçoit des marchandises que si on a champs encore libres sur ses états de mark.).</french>
      </text>
    </card>
    <card>
      <kind>PEOPLE</kind>
      <n_copies>1</n_copies>
      <name>
        <english>Drummer</english>
        <french>Joueur de tambour</french>
        <german>Trömmler</german>
      </name>
      <text>
        <english>take a utility from discards</english>
        <french>Récupérez un objet dans la défausse.</french>
      </text>
    </card>
    <card>
      <kind>ANIMAL</kind>
      <n_copies>5</n_copies>
      <name>
        <english>Crocodile</english>
        <french>Crocodile</french>
        <german>Krokodil</german>
      </name>
      <text>
        <english>discard 1 opponent's face-up utility card, use the action once for no cost</english>
        <french>Défaussez 1 Objet de votre adversaire. Vous pouvez utiliser une fois cet objet (excepté le "masque du changement").  L'utilisation du Crocodile ne coûte pas d'action supplémentaire</french>
      </text>
    </card>
    <card>
      <kind>ANIMAL</kind>
      <n_copies>2</n_copies>
      <name>
        <english>Parrot</english>
        <french>Perroquet</french>
        <german>Papagei</german>
      </name>
      <text>
        <english>steal 1 ware from opponent</english>
        <french>Prendre 1 marchandise de ton adversaire et ils met sur des de tes états de mark</french>
      </text>
    </card>
    <card>
      <kind>ANIMAL</kind>
      <n_copies>2</n_copies>
      <name>
        <english>Hyena</english>
        <french>Hyène</french>
        <german>Hyäne</german>
      </name>
      <text>
        <english>look at opponent's hand, take 1 card, give him 1 card from yours</english>
        <french>Regardez les cartes qui se trouvent dans la main de votre adversaire et prenez-en une.  En retour, vous devez lui donner une carte de votre main (de votre choix). Cela peut très bien être la carte que vous venez de prendre à votre adversaire</french>
      </text>
    </card>
    <card>
      <kind>ANIMAL</kind>
      <n_copies>1</n_copies>
      <name>
        <english>Snake</english>
        <french>Serpent</french>
        <german>Schlange</german>
      </name>
      <text>
        <english>you and opponent discard all but one face-up utility card</english>
        <french>Votre adversaire et vous pouvez garder chacun 1 objet de votre choix posé face visible.  Les autres objets sont défaussés</french>
      </text>
    </card>
    <card>
      <kind>ANIMAL</kind>
      <n_copies>1</n_copies>
      <name>
        <english>Elephant</english>
        <french>Éléphant</french>
        <german>Elefant</german>
      </name>
      <text>
        <english>you and opponent put all wares in middle, then draft 1 at a time, you begin</english>
        <french>Vous et votre adversaire posez toutes vos marchandises au milieu de la table.  En commençant par vous, chacun de vous prend alternativement une marchandise, jusqu’à ce que toutes les marchandises aient été redistribuées</french>
      </text>
    </card>
    <card>
      <kind>ANIMAL</kind>
      <n_copies>1</n_copies>
      <name>
        <english>Ape</english>
        <french>Singe</french>
        <german>Pavian</german>
      </name>
      <text>
        <english>you and opponent put all hand cards in middle, then draft 1 at a time, you begin</english>
        <french>Vous et votre adversaire posez toutes les cartes de votre main face visible au milieu de la table.  En commençant par vous, chacun de vous prend alternativement une carte dans sa main, jusqu’à ce que toutes les cartes aient été redistribuées</french>
      </text>
    </card>
    <card>
      <kind>ANIMAL</kind>
      <n_copies>1</n_copies>
      <name>
        <english>Lion</english>
        <french>Lion</french>
        <german>Loewe</german>
      </name>
      <text>
        <english>you and opponent put all face-up utility cards in middle, then draft 1 at a time, you begin</english>
        <french>Vous et votre adversaire posez toutes vos Cartes Objets qui étaient déjà posées face visible au milieu de la table. En commençant par vous, chacun de vous prend alternativement une carte qu’il dépose face visible devant lui, jusqu’à ce que toutes les cartes aient été redistribuées</french>
      </text>
    </card>
    <card>
      <kind>ANIMAL</kind>
      <n_copies>1</n_copies>
      <name>
        <english>Cheetah</english>
        <french>Guépard</french>
        <german>Gepard</german>
      </name>
      <text>
        <english>opponent chooses: he gives you 2 gold, or you draw 2 cards</english>
        <french>Votre adversaire décide:  soit il doit vous donner 2 pépites d’or, soit vous pouvez piocher 2 cartes</french>
      </text>
    </card>
  </cards>
</game_elements>