<?xml version="1.0" encoding="UTF-8"?>
<project-private xmlns="http://www.netbeans.org/ns/project-private/1">
    <editor-bookmarks xmlns="http://www.netbeans.org/ns/editor-bookmarks/2" lastBookmarkId="0"/>
    <open-files xmlns="http://www.netbeans.org/ns/projectui-open-files/2">
        <group>
            <file>file:/F:/Cours/MEGAsync0/projey/towa/ia-towa/Towa/src/towa/Coordonnees.java</file>
            <file>file:/F:/Cours/MEGAsync0/projey/towa/ia-towa/Towa/src/towa/Utils.java</file>
            <file>file:/F:/Cours/MEGAsync0/projey/towa/ia-towa/Towa/src/towa/JoueurTowa.java</file>
            <file>file:/F:/Cours/MEGAsync0/projey/towa/ia-towa/Towa/src/towa/IJoueurTowa.java</file>
            <file>file:/F:/Cours/MEGAsync0/projey/towa/ia-towa/Towa/src/towa/IATowa.java</file>
            <file>file:/F:/Cours/MEGAsync0/projey/towa/ia-towa/Towa/src/towa/Case.java</file>
        </group>
    </open-files>
</project-private>
